DATE,SYMBOL,COMPANY_NAME,ISIN,TYPE,STAGE,STAGE_CODE,LABEL,AS_OF_DATE,CIRC_REVISION
2026-05-15,63MOONS,"63 moons technologies limited",INE111B01023,STASM,I,11,STASM-I,15-May-2026,11
2026-05-15,ABCOTS,"A B Cotspin India Limited",INE08PH01015,STASM,I,11,STASM-I,15-May-2026,11
2026-05-15,ADANIENSOL,"Adani Energy Solutions Limited",INE931S01010,STASM,I,11,STASM-I,15-May-2026,11
2026-05-15,ADDICTIVE,"Addictive Learning Technology Limited",INE0RDH01021,STASM,I,11,STASM-I,15-May-2026,11
2026-05-15,AEQUS,"Aequs Limited",INE947N01017,STASM,I,11,STASM-I,15-May-2026,11
2026-05-15,ALPA,"Alpa Laboratories Limited",INE385I01010,STASM,I,11,STASM-I,15-May-2026,11
2026-05-15,ANMOL,"Anmol India Limited",INE02AR01019,STASM,I,11,STASM-I,15-May-2026,11
2026-05-15,APCOTEXIND,"Apcotex Industries Limited",INE116A01032,STASM,I,11,STASM-I,15-May-2026,11
2026-05-15,APTECHT,"Aptech Limited",INE266F01018,STASM,I,11,STASM-I,15-May-2026,11
2026-05-15,ARISTO,"Aristo Bio-Tech And Lifescience Limited",INE082101010,STASM,I,11,STASM-I,15-May-2026,11
2026-05-15,ASPIRE,"Aspire & Innovative Advertising Limited",INE0S7801010,STASM,I,11,STASM-I,15-May-2026,11
2026-05-15,AURIGROW,"Auri Grow India Limited",INE925Y01036,STASM,I,11,STASM-I,15-May-2026,11
2026-05-15,AUROIMPEX,"Auro Impex  & Chemicals Limited",INE0NUL01018,STASM,I,11,STASM-I,15-May-2026,11
2026-05-15,AUSOMENT,"Ausom Enterprise Limited",INE218C01016,STASM,I,11,STASM-I,15-May-2026,11
2026-05-15,AUTOIND,"Autoline Industries Limited",INE718H01014,STASM,I,11,STASM-I,15-May-2026,11
2026-05-15,AVALON,"Avalon Technologies Limited",INE0LCL01028,STASM,I,11,STASM-I,15-May-2026,11
2026-05-15,AWFIS,"Awfis Space Solutions Limited",INE108V01019,STASM,I,11,STASM-I,15-May-2026,11
2026-05-15,BAJAJST,"Bajaj Steel Industries Limited",INE704G01024,STASM,I,11,STASM-I,15-May-2026,11
2026-05-15,BALAJEE,"Shree Tirupati Balajee Agro Trading Company Limited",INE0S2G01011,STASM,I,11,STASM-I,15-May-2026,11
2026-05-15,BAWEJA,"Baweja Studios Limited",INE0JFJ01011,STASM,I,11,STASM-I,15-May-2026,11
2026-05-15,BBOX,"Black Box Limited",INE676A01027,STASM,I,11,STASM-I,15-May-2026,11
2026-05-15,BEACON,"Beacon Trusteeship Limited",INE639X01027,STASM,I,11,STASM-I,15-May-2026,11
2026-05-15,BFUTILITIE,"BF Utilities Limited",INE243D01012,STASM,I,11,STASM-I,15-May-2026,11
2026-05-15,BHAGCHEM,"Bhagiradha Chemicals & Industries Limited",INE414D01027,STASM,I,11,STASM-I,15-May-2026,11
2026-05-15,BHARATWIRE,"Bharat Wire Ropes Limited",INE316L01019,STASM,I,11,STASM-I,15-May-2026,11
2026-05-15,BIRLAMONEY,"Aditya Birla Money Limited",INE865C01022,STASM,I,11,STASM-I,15-May-2026,11
2026-05-15,CEMPRO,"Cemindia Projects Limited",INE686A01026,STASM,I,11,STASM-I,15-May-2026,11
2026-05-15,CUDML,"Cash Ur Drive Marketing Limited",INE0WL201014,STASM,I,11,STASM-I,15-May-2026,11
2026-05-15,DAMODARIND,"Damodar Industries Limited",INE497D01022,STASM,I,11,STASM-I,15-May-2026,11
2026-05-15,DBREALTY,"Valor Estate Limited",INE879I01012,STASM,I,11,STASM-I,15-May-2026,11
2026-05-15,DSSL,"Dynacons Systems & Solutions Limited",INE417B01040,STASM,I,11,STASM-I,15-May-2026,11
2026-05-15,DYCL,"Dynamic Cables Limited",INE600Y01019,STASM,I,11,STASM-I,15-May-2026,11
2026-05-15,ELECTHERM,"Electrotherm (India) Limited",INE822G01016,STASM,I,11,STASM-I,15-May-2026,11
2026-05-15,ELPROINTL,"Elpro International Limited",INE579B01039,STASM,I,11,STASM-I,15-May-2026,11
2026-05-15,EMBDL,"Embassy Developments Limited",INE069I01010,STASM,I,11,STASM-I,15-May-2026,11
2026-05-15,EXICOM,"Exicom Tele-Systems Limited",INE777F01014,STASM,I,11,STASM-I,15-May-2026,11
2026-05-15,FRONTSP,"Frontier Springs Limited",INE572D01014,STASM,I,11,STASM-I,15-May-2026,11
2026-05-15,FSL,"Firstsource Solutions Limited",INE684F01012,STASM,I,11,STASM-I,15-May-2026,11
2026-05-15,FUSION,"Fusion Finance Limited",INE139R01012,STASM,I,11,STASM-I,15-May-2026,11
2026-05-15,GENUSPAPER,"Genus Paper & Boards Limited",INE949P01018,STASM,I,11,STASM-I,15-May-2026,11
2026-05-15,GLOTTIS,"Glottis Limited",INE0TQE01026,STASM,I,11,STASM-I,15-May-2026,11
2026-05-15,GODREJIND,"Godrej Industries Limited",INE233A01035,STASM,I,11,STASM-I,15-May-2026,11
2026-05-15,GRWRHITECH,"Garware Hi-Tech Films Limited",INE291A01017,STASM,I,11,STASM-I,15-May-2026,11
2026-05-15,HLVLTD,"HLV LIMITED",INE102A01024,STASM,I,11,STASM-I,15-May-2026,11
2026-05-15,HOLMARC,"Holmarc Opto-Mechatronics Limited",INE0LXA01019,STASM,I,11,STASM-I,15-May-2026,11
2026-05-15,IDEAFORGE,"Ideaforge Technology Limited",INE349Y01013,STASM,I,11,STASM-I,15-May-2026,11
2026-05-15,INA,"Insolation Energy Limited",INE0LGX01024,STASM,I,11,STASM-I,15-May-2026,11
2026-05-15,JEYYAM,"Jeyyam Global Foods Limited",INE0RXB01022,STASM,I,11,STASM-I,15-May-2026,11
2026-05-15,JNKINDIA,"JNK India Limited",INE0OAF01028,STASM,I,11,STASM-I,15-May-2026,11
2026-05-15,JTLIND,"JTL INDUSTRIES LIMITED",INE391J01032,STASM,I,11,STASM-I,15-May-2026,11
2026-05-15,KANANIIND,"Kanani Industries Limited",INE879E01037,STASM,I,11,STASM-I,15-May-2026,11
2026-05-15,KANORICHEM,"Kanoria Chemicals & Industries Limited",INE138C01024,STASM,I,11,STASM-I,15-May-2026,11
2026-05-15,KAYTEX,"Kaytex Fabrics Limited",INE13ZD01013,STASM,I,11,STASM-I,15-May-2026,11
2026-05-15,KDL,"Kore Digital Limited",INE0O4R01018,STASM,I,11,STASM-I,15-May-2026,11
2026-05-15,KONTOR,"Kontor Space Limited",INE0KZ301010,STASM,I,11,STASM-I,15-May-2026,11
2026-05-15,KORE,"Jay Jalaram Technologies Limited",INE0J6801010,STASM,I,11,STASM-I,15-May-2026,11
2026-05-15,KRIDHANINF,"Kridhan Infra Limited",INE524L01026,STASM,I,11,STASM-I,15-May-2026,11
2026-05-15,LOVABLE,"Lovable Lingerie Limited",INE597L01014,STASM,I,11,STASM-I,15-May-2026,11
2026-05-15,MANAKALUCO,"Manaksia Aluminium Company Limited",INE859Q01017,STASM,I,11,STASM-I,15-May-2026,11
2026-05-15,MARINE,"Marine Electricals (India) Limited",INE01JE01028,STASM,I,11,STASM-I,15-May-2026,11
2026-05-15,MEGATHERM,"Megatherm Induction Limited",INE531R01010,STASM,I,11,STASM-I,15-May-2026,11
2026-05-15,MERCANTILE,"Mercantile Ventures Limited",INE689O01013,STASM,I,11,STASM-I,15-May-2026,11
2026-05-15,MICEL,"MIC Electronics Limited",INE287C01037,STASM,I,11,STASM-I,15-May-2026,11
2026-05-15,MIRCELECTR,"MIRC Electronics Limited",INE831A01028,STASM,I,11,STASM-I,15-May-2026,11
2026-05-15,MITCON,"MITCON Consultancy & Engineering Services Limited",INE828O01033,STASM,I,11,STASM-I,15-May-2026,11
2026-05-15,MMWL,"Media Matrix Worldwide Limited",INE200D01020,STASM,I,11,STASM-I,15-May-2026,11
2026-05-15,NAGREEKEXP,"Nagreeka Exports Limited",INE123B01028,STASM,I,11,STASM-I,15-May-2026,11
2026-05-15,NDL,"Nandan Denim Limited",INE875G01048,STASM,I,11,STASM-I,15-May-2026,11
2026-05-15,NEOGEN,"Neogen Chemicals Limited",INE136S01016,STASM,I,11,STASM-I,15-May-2026,11
2026-05-15,NIMBSPROJ,"Nimbus Projects Limited",INE875B01015,STASM,I,11,STASM-I,15-May-2026,11
2026-05-15,NITTAGELA,"Nitta Gelatin India Limited",INE265B01019,STASM,I,11,STASM-I,15-May-2026,11
2026-05-15,NOVAAGRI,"Nova Agritech Limited",INE02H701025,STASM,I,11,STASM-I,15-May-2026,11
2026-05-15,OWAIS,"Owais Metal And Mineral Processing Limited",INE0R8M01017,STASM,I,11,STASM-I,15-May-2026,11
2026-05-15,PARACABLES,"Paramount Communications Limited",INE074B01023,STASM,I,11,STASM-I,15-May-2026,11
2026-05-15,PARAGON,"Paragon Fine and Speciality Chemical Limited",INE0N4G01012,STASM,I,11,STASM-I,15-May-2026,11
2026-05-15,PARAMOUNT,"Paramount Dye Tec Limited",INE0TG801013,STASM,I,11,STASM-I,15-May-2026,11
2026-05-15,PML,"Paul Merchants Limited",INE291E01019,STASM,I,11,STASM-I,15-May-2026,11
2026-05-15,PRAVEG,"Praveg Limited",INE722B01019,STASM,I,11,STASM-I,15-May-2026,11
2026-05-15,PURPLEUTED,"Purple United Sales Limited",INE0P5R01014,STASM,I,11,STASM-I,15-May-2026,11
2026-05-15,QUICKHEAL,"Quick Heal Technologies Limited",INE306L01010,STASM,I,11,STASM-I,15-May-2026,11
2026-05-15,RAIN,"Rain Industries Limited",INE855B01025,STASM,I,11,STASM-I,15-May-2026,11
2026-05-15,RAJOOENG,"Rajoo Engineers Limited",INE535F01024,STASM,I,11,STASM-I,15-May-2026,11
2026-05-15,RAYMONDREL,"Raymond Realty Limited",INE1SY401010,STASM,I,11,STASM-I,15-May-2026,11
2026-05-15,RBMINFRA,"Rbm Infracon Limited",INE0NA301016,STASM,I,11,STASM-I,15-May-2026,11
2026-05-15,RUCHINFRA,"Ruchi Infrastructure Limited",INE413B01023,STASM,I,11,STASM-I,15-May-2026,11
2026-05-15,RUPA,"Rupa & Company Limited",INE895B01021,STASM,I,11,STASM-I,15-May-2026,11
2026-05-15,SAHAJSOLAR,"Sahaj Solar Limited",INE0P4701011,STASM,I,11,STASM-I,15-May-2026,11
2026-05-15,SAIFL,"Sameera Agro And Infra Limited",INE0PZA01015,STASM,I,11,STASM-I,15-May-2026,11
2026-05-15,SAMAY,"Samay Project Services Limited",INE124101010,STASM,I,11,STASM-I,15-May-2026,11
2026-05-15,SASKEN,"Sasken Technologies Limited",INE231F01020,STASM,I,11,STASM-I,15-May-2026,11
2026-05-15,SBCL,"Shivalik Bimetal Controls Limited",INE386D01027,STASM,I,11,STASM-I,15-May-2026,11
2026-05-15,SDREAMS,"S D Retail Limited",INE0X6F01017,STASM,I,11,STASM-I,15-May-2026,11
2026-05-15,SHAILY,"Shaily Engineering Plastics Limited",INE151G01028,STASM,I,11,STASM-I,15-May-2026,11
2026-05-15,SHANTI,"Shanti Overseas (India) Limited",INE933X01016,STASM,I,11,STASM-I,15-May-2026,11
2026-05-15,SHRADHA,"Shradha Realty Limited",INE715Y01031,STASM,I,11,STASM-I,15-May-2026,11
2026-05-15,SHYAMDHANI,"Shyam Dhani Industries Limited",INE1CRP01016,STASM,I,11,STASM-I,15-May-2026,11
2026-05-15,SIMPLEXINF,"Simplex Infrastructures Limited",INE059B01024,STASM,I,11,STASM-I,15-May-2026,11
2026-05-15,SMARTLINK,"Smartlink Holdings Limited",INE178C01020,STASM,I,11,STASM-I,15-May-2026,11
2026-05-15,SONUINFRA,"Sonu Infratech Limited",INE0JZA01018,STASM,I,11,STASM-I,15-May-2026,11
2026-05-15,SPEB,"Speb Adhesives Limited",INE1CW901027,STASM,I,11,STASM-I,15-May-2026,11
2026-05-15,SPECTRUM,"Spectrum Electrical Industries Limited",INE01EO01010,STASM,I,11,STASM-I,15-May-2026,11
2026-05-15,SPLIL,"SPL Industries Limited",INE978G01016,STASM,I,11,STASM-I,15-May-2026,11
2026-05-15,STALLION,"Stallion India Fluorochemicals Limited",INE0RYC01010,STASM,I,11,STASM-I,15-May-2026,11
2026-05-15,STERTOOLS,"Sterling Tools Limited",INE334A01023,STASM,I,11,STASM-I,15-May-2026,11
2026-05-15,STLNETWORK,"STL Networks Limited",INE1VXE01018,STASM,I,11,STASM-I,15-May-2026,11
2026-05-15,STYLEBAAZA,"Baazar Style Retail Limited",INE01FR01028,STASM,I,11,STASM-I,15-May-2026,11
2026-05-15,SUTLEJTEX,"Sutlej Textiles and Industries Limited",INE645H01027,STASM,I,11,STASM-I,15-May-2026,11
2026-05-15,SYNOPTICS,"Synoptics Technologies Limited",INE0BTR01012,STASM,I,11,STASM-I,15-May-2026,11
2026-05-15,TAMBOLIIN,"Tamboli Industries Limited",INE864J01012,STASM,I,11,STASM-I,15-May-2026,11
2026-05-15,TEJASNET,"Tejas Networks Limited",INE010J01012,STASM,I,11,STASM-I,15-May-2026,11
2026-05-15,THAKDEV,"Thakkers Developers Limited",INE403F01017,STASM,I,11,STASM-I,15-May-2026,11
2026-05-15,UNIDT,"United Drilling Tools Limited",INE961D01019,STASM,I,11,STASM-I,15-May-2026,11
2026-05-15,UNIMECH,"Unimech Aerospace and Manufacturing Limited",INE0U3I01011,STASM,I,11,STASM-I,15-May-2026,11
2026-05-15,UNITECH,"Unitech Limited",INE694A01020,STASM,I,11,STASM-I,15-May-2026,11
2026-05-15,UNIVCABLES,"Universal Cables Limited",INE279A01012,STASM,I,11,STASM-I,15-May-2026,11
2026-05-15,UTLSOLAR,"Fujiyama Power Systems Limited",INE12UR01024,STASM,I,11,STASM-I,15-May-2026,11
2026-05-15,VAKRANGEE,"Vakrangee Limited",INE051B01021,STASM,I,11,STASM-I,15-May-2026,11
2026-05-15,VENUSPIPES,"Venus Pipes & Tubes Limited",INE0JA001018,STASM,I,11,STASM-I,15-May-2026,11
2026-05-15,VERANDA,"Veranda Learning Solutions Limited",INE0IQ001011,STASM,I,11,STASM-I,15-May-2026,11
2026-05-15,VGINFOTECH,"Virtual Galaxy Infotech Limited",INE0VRH01015,STASM,I,11,STASM-I,15-May-2026,11
2026-05-15,VINDHYATEL,"Vindhya Telelinks Limited",INE707A01012,STASM,I,11,STASM-I,15-May-2026,11
2026-05-15,VISHWAS,"Vishwas Agri Seeds Limited",INE0S2E01016,STASM,I,11,STASM-I,15-May-2026,11
2026-05-15,VMARCIND,"V Marc India Limited",INE0GXK01018,STASM,I,11,STASM-I,15-May-2026,11
2026-05-15,WALCHANNAG,"Walchandnagar Industries Limited",INE711A01022,STASM,I,11,STASM-I,15-May-2026,11
2026-05-15,ZENITHSTL,"Zenith Steel Pipes & Industries Limited",INE318D01020,STASM,I,11,STASM-I,15-May-2026,11
2026-05-15,RADIOWALLA,"Radiowalla Network Limited",INE430U01019,STASM,II,12,STASM-II,15-May-2026,12
2026-05-15,WEBELSOLAR,"Websol Energy System Limited",INE855C01023,STASM,II,12,STASM-II,15-May-2026,12
2026-05-15,WEL,"Wonder Electricals Limited",INE02WG01024,STASM,II,12,STASM-II,15-May-2026,12
2026-05-15,21STCENMGM,"21st Century Management Services Limited",INE253B01015,LTASM,I,21,LTASM-I,15-May-2026,13
2026-05-15,AARTECH,"Aartech Solonics Limited",INE01C001026,LTASM,I,21,LTASM-I,15-May-2026,13
2026-05-15,ADL,"Archidply Decor Limited",INE0CHO01012,LTASM,I,21,LTASM-I,15-May-2026,13
2026-05-15,AEROFLEX,"Aeroflex Industries Limited",INE024001021,LTASM,I,21,LTASM-I,15-May-2026,13
2026-05-15,AERONEU,"Aeroflex Neu Limited",INE035801013,LTASM,I,21,LTASM-I,15-May-2026,13
2026-05-15,AGNI,"Agni Green Power Limited",INE0LF301013,LTASM,I,21,LTASM-I,15-May-2026,13
2026-05-15,AIRAN,"Airan Limited",INE645W01026,LTASM,I,21,LTASM-I,15-May-2026,13
2026-05-15,AKSHAR,"Akshar Spintex Limited",INE256Z01025,LTASM,I,21,LTASM-I,15-May-2026,13
2026-05-15,AKSHARCHEM,"AksharChem India Limited",INE542B01011,LTASM,I,21,LTASM-I,15-May-2026,13
2026-05-15,ALKALI,"Alkali Metals Limited",INE773I01017,LTASM,I,21,LTASM-I,15-May-2026,13
2026-05-15,ALPHAGEO,"Alphageo (India) Limited",INE137C01018,LTASM,I,21,LTASM-I,15-May-2026,13
2026-05-15,AMDIND,"AMD Industries Limited",INE005I01014,LTASM,I,21,LTASM-I,15-May-2026,13
2026-05-15,ANONDITA,"Anondita Medicare Limited",INE0VTV01012,LTASM,I,21,LTASM-I,15-May-2026,13
2026-05-15,AQYLON,"Aqylon Nexus Limited",INE416A01051,LTASM,I,21,LTASM-I,15-May-2026,13
2026-05-15,ARFIN,"Arfin India Limited",INE784R01023,LTASM,I,21,LTASM-I,15-May-2026,13
2026-05-15,ARIHANT,"Arihant Foundations & Housing Limited",INE413D01011,LTASM,I,21,LTASM-I,15-May-2026,13
2026-05-15,AROGRANITE,"Aro Granite Industries Limited",INE210C01013,LTASM,I,21,LTASM-I,15-May-2026,13
2026-05-15,ATLASCYCLE,"Atlas Cycles (Haryana) Limited",INE446A01025,LTASM,I,21,LTASM-I,15-May-2026,13
2026-05-15,BAJAJCON,"Bajaj Consumer Care Limited",INE933K01021,LTASM,I,21,LTASM-I,15-May-2026,13
2026-05-15,BPL,"BPL Limited",INE110A01019,LTASM,I,21,LTASM-I,15-May-2026,13
2026-05-15,BVCL,"Barak Valley Cements Limited",INE139I01011,LTASM,I,21,LTASM-I,15-May-2026,13
2026-05-15,CMNL,"Chaman Metallics Limited",INE06PV01010,LTASM,I,21,LTASM-I,15-May-2026,13
2026-05-15,COHANCE,"Cohance Lifesciences Limited",INE03QK01018,LTASM,I,21,LTASM-I,15-May-2026,13
2026-05-15,CONFIPET,"Confidence Petroleum India Limited",INE552D01024,LTASM,I,21,LTASM-I,15-May-2026,13
2026-05-15,COUNCODOS,"Country Condo's Limited",INE695B01025,LTASM,I,21,LTASM-I,15-May-2026,13
2026-05-15,CUPID,"Cupid Limited",INE509F01029,LTASM,I,21,LTASM-I,15-May-2026,13
2026-05-15,DANGEE,"Dangee Dums Limited",INE688Y01022,LTASM,I,21,LTASM-I,15-May-2026,13
2026-05-15,DCMNVL,"DCM Nouvelle Limited",INE08KP01019,LTASM,I,21,LTASM-I,15-May-2026,13
2026-05-15,DEEDEV,"DEE Development Engineers Limited",INE841L01016,LTASM,I,21,LTASM-I,15-May-2026,13
2026-05-15,DELPHIFX,"DELPHI WORLD MONEY LIMITED",INE726L01027,LTASM,I,21,LTASM-I,15-May-2026,13
2026-05-15,DELTAMAGNT,"Delta Manufacturing Limited",INE393A01011,LTASM,I,21,LTASM-I,15-May-2026,13
2026-05-15,DENTALKART,"Vasa Denticity Limited",INE0N5801013,LTASM,I,21,LTASM-I,15-May-2026,13
2026-05-15,DEVX,"Dev Accelerator Limited",INE0VOV01021,LTASM,I,21,LTASM-I,15-May-2026,13
2026-05-15,DHTL,"Docmode Health Technologies Limited",INE0OGG01015,LTASM,I,21,LTASM-I,15-May-2026,13
2026-05-15,DIAMINESQ,"Diamines & Chemicals Limited",INE591D01014,LTASM,I,21,LTASM-I,15-May-2026,13
2026-05-15,DIGIKORE,"Digikore Studios Limited",INE0QJ901011,LTASM,I,21,LTASM-I,15-May-2026,13
2026-05-15,DPEL,"Divine Power Energy Limited",INE0SCO01019,LTASM,I,21,LTASM-I,15-May-2026,13
2026-05-15,DSFCL,"DCM Shriram Fine Chemicals Limited",INE0OFM01015,LTASM,I,21,LTASM-I,15-May-2026,13
2026-05-15,ELGIRUBCO,"Elgi Rubber Company Limited",INE819L01012,LTASM,I,21,LTASM-I,15-May-2026,13
2026-05-15,ESSENTIA,"Integra Essentia Limited",INE418N01035,LTASM,I,21,LTASM-I,15-May-2026,13
2026-05-15,FALCONTECH,"Falcon Technoprojects India Limited",INE0PQK01013,LTASM,I,21,LTASM-I,15-May-2026,13
2026-05-15,FMNL,"Future Market Networks Limited",INE360L01017,LTASM,I,21,LTASM-I,15-May-2026,13
2026-05-15,GALLANTT,"Gallantt Ispat Limited",INE297H01019,LTASM,I,21,LTASM-I,15-May-2026,13
2026-05-15,GLOBALVECT,"Global Vectra Helicorp Limited",INE792H01019,LTASM,I,21,LTASM-I,15-May-2026,13
2026-05-15,GOACARBON,"Goa Carbon Limited",INE426D01013,LTASM,I,21,LTASM-I,15-May-2026,13
2026-05-15,GREENCHEF,"Greenchef Appliances Limited",INE0O7P01015,LTASM,I,21,LTASM-I,15-May-2026,13
2026-05-15,GUJALKALI,"Gujarat Alkalies and Chemicals Limited",INE186A01019,LTASM,I,21,LTASM-I,15-May-2026,13
2026-05-15,GVT&D,"GE Vernova T&D India Limited",INE200A01026,LTASM,I,21,LTASM-I,15-May-2026,13
2026-05-15,HFCL,"HFCL Limited",INE548A01028,LTASM,I,21,LTASM-I,15-May-2026,13
2026-05-15,HGM,"HandsOn Global Management (HGM) Limited",INE596H01014,LTASM,I,21,LTASM-I,15-May-2026,13
2026-05-15,HINDCOPPER,"Hindustan Copper Limited",INE531E01026,LTASM,I,21,LTASM-I,15-May-2026,13
2026-05-15,HOACFOODS,"Hoac Foods India Limited",INE0S6S01017,LTASM,I,21,LTASM-I,15-May-2026,13
2026-05-15,HOMESFY,"Homesfy Realty Limited",INE0N7F01017,LTASM,I,21,LTASM-I,15-May-2026,13
2026-05-15,IBLFL,"IBL Finance Limited",INE0O7401018,LTASM,I,21,LTASM-I,15-May-2026,13
2026-05-15,IBULLSLTD,"Indiabulls Limited",INE126M01010,LTASM,I,21,LTASM-I,15-May-2026,13
2026-05-15,IITL,"Industrial Investment Trust Limited",INE886A01014,LTASM,I,21,LTASM-I,15-May-2026,13
2026-05-15,INDOTECH,"Indo Tech Transformers Limited",INE332H01014,LTASM,I,21,LTASM-I,15-May-2026,13
2026-05-15,IRMENERGY,"IRM Energy Limited",INE07U701015,LTASM,I,21,LTASM-I,15-May-2026,13
2026-05-15,ISHANCH,"Ishan Dyes and Chemicals Limited",INE561M01018,LTASM,I,21,LTASM-I,15-May-2026,13
2026-05-15,JAINAM,"Jainam Ferro Alloys (I) Limited",INE02KC01010,LTASM,I,21,LTASM-I,15-May-2026,13
2026-05-15,JALAN,"Jalan Transolutions (India) Limited",INE349X01015,LTASM,I,21,LTASM-I,15-May-2026,13
2026-05-15,JINDALPOLY,"Jindal Poly Films Limited",INE197D01010,LTASM,I,21,LTASM-I,15-May-2026,13
2026-05-15,KCK,"Kck Industries Limited",INE0J1E01027,LTASM,I,21,LTASM-I,15-May-2026,13
2026-05-15,KHADIM,"Khadim India Limited",INE834I01025,LTASM,I,21,LTASM-I,15-May-2026,13
2026-05-15,KHANDSE,"Khandwala Securities Limited",INE060B01014,LTASM,I,21,LTASM-I,15-May-2026,13
2026-05-15,KMEW,"Knowledge Marine & Engineering Works Limited",INE0CJD01029,LTASM,I,21,LTASM-I,15-May-2026,13
2026-05-15,KOTYARK,"Kotyark Industries Limited",INE0J0B01017,LTASM,I,21,LTASM-I,15-May-2026,13
2026-05-15,KRN,"KRN Heat Exchanger and Refrigeration Limited",INE0Q3J01015,LTASM,I,21,LTASM-I,15-May-2026,13
2026-05-15,LAL,"Lorenzini Apparels Limited",INE740X01023,LTASM,I,21,LTASM-I,15-May-2026,13
2026-05-15,LGHL,"Laxmi Goldorna House Limited",INE258Y01016,LTASM,I,21,LTASM-I,15-May-2026,13
2026-05-15,LUMAXIND,"Lumax Industries Limited",INE162B01018,LTASM,I,21,LTASM-I,15-May-2026,13
2026-05-15,LYPSAGEMS,"Lypsa Gems & Jewellery Limited",INE142K01011,LTASM,I,21,LTASM-I,15-May-2026,13
2026-05-15,MADHAV,"Madhav Marbles and Granites Limited",INE925C01016,LTASM,I,21,LTASM-I,15-May-2026,13
2026-05-15,MEDICAMEQ,"Medicamen Biotech Limited",INE646B01010,LTASM,I,21,LTASM-I,15-May-2026,13
2026-05-15,MOHITIND,"Mohit Industries Limited",INE954E01012,LTASM,I,21,LTASM-I,15-May-2026,13
2026-05-15,MOTOGENFIN,"The Motor & General Finance Limited",INE861B01023,LTASM,I,21,LTASM-I,15-May-2026,13
2026-05-15,MTARTECH,"Mtar Technologies Limited",INE864I01014,LTASM,I,21,LTASM-I,15-May-2026,13
2026-05-15,MUKTAARTS,"Mukta Arts Limited",INE374B01019,LTASM,I,21,LTASM-I,15-May-2026,13
2026-05-15,MVKAGRO,"M.V.K. Agro Food Product Limited",INE0SGC01015,LTASM,I,21,LTASM-I,15-May-2026,13
2026-05-15,NAMAN,"Naman Industries Proxima Limited",INE0RJM01010,LTASM,I,21,LTASM-I,15-May-2026,13
2026-05-15,NAMOEWASTE,"Namo eWaste Management Limited",INE08NZ01012,LTASM,I,21,LTASM-I,15-May-2026,13
2026-05-15,NDLVENTURE,"NDL Ventures Limited",INE353A01023,LTASM,I,21,LTASM-I,15-May-2026,13
2026-05-15,NEPHROCARE,"Nephro Care India Limited",INE0SUN01013,LTASM,I,21,LTASM-I,15-May-2026,13
2026-05-15,NGIL,"Nakoda Group of Industries Limited",INE236Y01012,LTASM,I,21,LTASM-I,15-May-2026,13
2026-05-15,NIPPOBATRY,"Indo-National Limited",INE567A01028,LTASM,I,21,LTASM-I,15-May-2026,13
2026-05-15,NKIND,"NK Industries Limited",INE542C01019,LTASM,I,21,LTASM-I,15-May-2026,13
2026-05-15,OMNI,"Omnitech Engineering Limited",INE0UH301010,LTASM,I,21,LTASM-I,15-May-2026,13
2026-05-15,ONELIFECAP,"Onelife Capital Advisors Limited",INE912L01015,LTASM,I,21,LTASM-I,15-May-2026,13
2026-05-15,ORIENTBELL,"Orient Bell Limited",INE607D01018,LTASM,I,21,LTASM-I,15-May-2026,13
2026-05-15,PAKKA,"PAKKA LIMITED",INE551D01018,LTASM,I,21,LTASM-I,15-May-2026,13
2026-05-15,PATTECH,"Pattech Fitwell Tube Components Limited",INE0NZW01014,LTASM,I,21,LTASM-I,15-May-2026,13
2026-05-15,PILITA,"PIL ITALICA LIFESTYLE LIMITED",INE600A01035,LTASM,I,21,LTASM-I,15-May-2026,13
2026-05-15,PIONEEREMB,"Pioneer Embroideries Limited",INE156C01018,LTASM,I,21,LTASM-I,15-May-2026,13
2026-05-15,PRECWIRE,"Precision Wires India Limited",INE372C01037,LTASM,I,21,LTASM-I,15-May-2026,13
2026-05-15,QPOWER,"Quality Power Electrical Equipments Limited",INE0SII01026,LTASM,I,21,LTASM-I,15-May-2026,13
2026-05-15,RADAAN,"Radaan Mediaworks India Limited",INE874F01027,LTASM,I,21,LTASM-I,15-May-2026,13
2026-05-15,RAJSREESUG,"Rajshree Sugars & Chemicals Limited",INE562B01019,LTASM,I,21,LTASM-I,15-May-2026,13
2026-05-15,RAMASTEEL,"Rama Steel Tubes Limited",INE230R01035,LTASM,I,21,LTASM-I,15-May-2026,13
2026-05-15,RMDRIP,"R M Drip and Sprinklers Systems Limited",INE219Y01026,LTASM,I,21,LTASM-I,15-May-2026,13
2026-05-15,ROSSTECH,"Rossell Techsys Limited",INE0OJW01016,LTASM,I,21,LTASM-I,15-May-2026,13
2026-05-15,SAAKSHI,"Saakshi Medtech and Panels Limited",INE0PSK01027,LTASM,I,21,LTASM-I,15-May-2026,13
2026-05-15,SATIPOLY,"Sati Poly Plast Limited",INE0RPM01017,LTASM,I,21,LTASM-I,15-May-2026,13
2026-05-15,SGL,"STL Global Limited",INE353H01010,LTASM,I,21,LTASM-I,15-May-2026,13
2026-05-15,SHALPAINTS,"Shalimar Paints Limited",INE849C01026,LTASM,I,21,LTASM-I,15-May-2026,13
2026-05-15,SHARDUL,"Shardul Securities Limited",INE037B01020,LTASM,I,21,LTASM-I,15-May-2026,13
2026-05-15,SHEEL,"Sheel Biotech Limited",INE0YJV01017,LTASM,I,21,LTASM-I,15-May-2026,13
2026-05-15,SHEMAROO,"Shemaroo Entertainment Limited",INE363M01019,LTASM,I,21,LTASM-I,15-May-2026,13
2026-05-15,SHIVAMILLS,"Shiva Mills Limited",INE644Y01017,LTASM,I,21,LTASM-I,15-May-2026,13
2026-05-15,SHYAMCENT,"Shyam Century Ferrous Limited",INE979R01011,LTASM,I,21,LTASM-I,15-May-2026,13
2026-05-15,SOMATEX,"Soma Textiles & Industries Limited",INE314C01013,LTASM,I,21,LTASM-I,15-May-2026,13
2026-05-15,SPENCERS,"Spencer's Retail Limited",INE020801028,LTASM,I,21,LTASM-I,15-May-2026,13
2026-05-15,SUMEETINDS,"Sumeet Industries Limited",INE235C01036,LTASM,I,21,LTASM-I,15-May-2026,13
2026-05-15,SUNFLAG,"Sunflag Iron And Steel Company Limited",INE947A01014,LTASM,I,21,LTASM-I,15-May-2026,13
2026-05-15,SUPERSPIN,"Super Spinning Mills Limited",INE662A01027,LTASM,I,21,LTASM-I,15-May-2026,13
2026-05-15,SURANASOL,"Surana Solar Limited",INE272L01022,LTASM,I,21,LTASM-I,15-May-2026,13
2026-05-15,SYSTMTXC,"Systematix Corporate Services Limited",INE356B01024,LTASM,I,21,LTASM-I,15-May-2026,13
2026-05-15,TAC,"TAC Infosec Limited",INE0SOY01013,LTASM,I,21,LTASM-I,15-May-2026,13
2026-05-15,TANKUP,"Tankup Engineers Limited",INE0Z7N01017,LTASM,I,21,LTASM-I,15-May-2026,13
2026-05-15,TDPOWERSYS,"TD Power Systems Limited",INE419M01027,LTASM,I,21,LTASM-I,15-May-2026,13
2026-05-15,TECHD,"TechD Cybersecurity Limited",INE0Y5H01014,LTASM,I,21,LTASM-I,15-May-2026,13
2026-05-15,TERASOFT,"Tera Software Limited",INE482B01010,LTASM,I,21,LTASM-I,15-May-2026,13
2026-05-15,TIPSFILMS,"Tips Films Limited",INE0LQS01015,LTASM,I,21,LTASM-I,15-May-2026,13
2026-05-15,TRANSWORLD,"TRANSWORLD SHIPPING LINES LIMITED",INE757B01015,LTASM,I,21,LTASM-I,15-May-2026,13
2026-05-15,TRIGYN,"Trigyn Technologies Limited",INE948A01012,LTASM,I,21,LTASM-I,15-May-2026,13
2026-05-15,TRU,"TruCap Finance Limited",INE615R01029,LTASM,I,21,LTASM-I,15-May-2026,13
2026-05-15,VENUSREM,"Venus Remedies Limited",INE411B01019,LTASM,I,21,LTASM-I,15-May-2026,13
2026-05-15,VERTEXPLUS,"Vertexplus Technologies Limited",INE0NLB01018,LTASM,I,21,LTASM-I,15-May-2026,13
2026-05-15,VERTOZ,"Vertoz Limited",INE188Y01031,LTASM,I,21,LTASM-I,15-May-2026,13
2026-05-15,VIDYAWIRES,"Vidya Wires Limited",INE14UN01029,LTASM,I,21,LTASM-I,15-May-2026,13
2026-05-15,WINNY,"Winny Immigration & Education Services Limited",INE0S9101013,LTASM,I,21,LTASM-I,15-May-2026,13
2026-05-15,ZODIACLOTH,"Zodiac Clothing Company Limited",INE206B01013,LTASM,I,21,LTASM-I,15-May-2026,13
2026-05-15,RPSGVENT,"RPSG VENTURES LIMITED",INE425Y01011,LTASM,II,22,LTASM-II,15-May-2026,14
2026-05-15,ATLANTAELE,"Atlanta Electricals Limited",INE0Z4F01028,LTASM,III,23,LTASM-III,15-May-2026,15
2026-05-15,MAHASTEEL,"Mahamaya Steel Industries Limited",INE451L01014,LTASM,IV,24,LTASM-IV,15-May-2026,16
2026-05-15,SIGMAADV,"SIGMA ADVANCED SYSTEMS LIMITED",INE933B01012,LTASM,IV,24,LTASM-IV,15-May-2026,16
2026-05-15,STLTECH,"Sterlite Technologies Limited",INE089C01029,LTASM,IV,24,LTASM-IV,15-May-2026,16
2026-05-15,WAAREEINDO,"Indosolar Limited",INE866K01023,LTASM,IV,24,LTASM-IV,15-May-2026,16
